Cabot Oil & Gas,,,,,,,,,,,,,,,
 ,,,,,,,,,,,,,,,
Thompson Ranch No. 11H,,,,,,,,,,,,,,,
"Frio County, Texas (NAD 27)",,,,,,,,,,,,,,,
North Reference: Grid,,,,,,,,,,,,,,,
KB-MSL: 554.30 ,,,,,,,,,,,,,,,
Ground Level: 526.30 ,,,,,,,,,,,,,,,
Design #2,,,,,,,,,,,,,,,
,,,,,,,,,,,,,,,
 , , ,Course, ,Subsea, , , , , , ,Dogleg,,,
MD,INC,AZI,Length,TVD,Depth,N/-S,E/-W,X,Y,Lat,Long,Severity,T.Face,Vert Sec,
,,,,,,,,,,,,,,,
0,0,0,0,0,554.3,0,0,2022772.262,315169.018,28° 42' 0.446522 N,98° 55' 44.276374 W,0,0,0, 
104.34,0.22,151.12,104.34,104.34,449.96,-0.175,0.097,2022772.359,315168.843,28° 42' 0.444784 N,98° 55' 44.275288 W,0.211,151.12,-0.048, 
198.45,0.46,100.44,94.11,198.448,355.852,-0.402,0.556,2022772.818,315168.616,28° 42' 0.442537 N,98° 55' 44.270138 W,0.386,281.358,0.134, 
292.56,0.54,98.05,94.11,292.555,261.745,-0.533,1.366,2022773.628,315168.485,28° 42' 0.441240 N,98° 55' 44.261036 W,0.088,344.191,0.639, 
386.67,0.67,93.44,94.11,386.659,167.641,-0.628,2.355,2022774.617,315168.39,28° 42' 0.440292 N,98° 55' 44.249938 W,0.147,337.157,1.299, 
480.78,0.78,98.77,94.11,480.762,73.538,-0.758,3.537,2022775.799,315168.26,28° 42' 0.438991 N,98° 55' 44.236661 W,0.137,34.196,2.076, 
574.89,0.55,102.74,94.11,574.865,-20.565,-0.956,4.61,2022776.872,315168.062,28° 42' 0.437031 N,98° 55' 44.224606 W,0.249,170.652,2.729, 
669,0.56,113.74,94.11,668.971,-114.671,-1.24,5.472,2022777.734,315167.778,28° 42' 0.434206 N,98° 55' 44.214933 W,0.114,90.155,3.167, 
763.11,0.74,117.08,94.11,763.075,-208.775,-1.702,6.434,2022778.696,315167.316,28° 42' 0.429628 N,98° 55' 44.204133 W,0.195,13.56,3.557, 
857.22,0.84,117.52,94.11,857.176,-302.876,-2.298,7.587,2022779.849,315166.72,28° 42' 0.423726 N,98° 55' 44.191190 W,0.106,3.692,3.997, 
951.33,0.92,116.21,94.11,951.275,-396.975,-2.95,8.877,2022781.139,315166.068,28° 42' 0.417258 N,98° 55' 44.176713 W,0.088,345.228,4.499, 
1045.44,0.95,123.59,94.11,1045.372,-491.072,-3.715,10.204,2022782.466,315165.303,28° 42' 0.409672 N,98° 55' 44.161808 W,0.132,79.72,4.951, 
1139.55,1.13,138.85,94.11,1139.467,-585.167,-4.846,11.465,2022783.727,315164.172,28° 42' 0.398472 N,98° 55' 44.147660 W,0.349,64.765,5.106, 
1233.66,1.14,141.36,94.11,1233.559,-679.259,-6.276,12.66,2022784.922,315162.742,28° 42' 0.384305 N,98° 55' 44.134248 W,0.054,79.884,5.009, 
1327.77,1.18,148.45,94.11,1327.649,-773.349,-7.833,13.752,2022786.014,315161.185,28° 42' 0.368882 N,98° 55' 44.122001 W,0.158,77.991,4.75, 
1421.88,1.25,155.25,94.11,1421.738,-867.438,-9.591,14.689,2022786.951,315159.427,28° 42' 0.351469 N,98° 55' 44.111493 W,0.17,67.53,4.24, 
1515.99,1.24,157.85,94.11,1515.826,-961.526,-11.466,15.502,2022787.764,315157.552,28° 42' 0.332895 N,98° 55' 44.102368 W,0.061,101.336,3.561, 
1610.1,1.49,163.6,94.11,1609.909,-1055.609,-13.583,16.232,2022788.494,315155.435,28° 42' 0.311930 N,98° 55' 44.094192 W,0.303,31.613,2.655, 
1704.21,1.69,169.73,94.11,1703.983,-1149.683,-16.122,16.824,2022789.086,315152.896,28° 42' 0.286783 N,98° 55' 44.087552 W,0.279,43.47,1.362, 
1798.32,1.73,173.79,94.11,1798.051,-1243.751,-18.9,17.226,2022789.488,315150.118,28° 42' 0.259277 N,98° 55' 44.083067 W,0.136,73.765,-0.234, 
1892.43,1.79,174.96,94.11,1892.117,-1337.817,-21.776,17.508,2022789.77,315147.242,28° 42' 0.230794 N,98° 55' 44.079911 W,0.074,31.503,-1.983, 
1986.54,1.74,180.31,94.11,1986.182,-1431.882,-24.669,17.63,2022789.892,315144.349,28° 42' 0.202149 N,98° 55' 44.078567 W,0.183,109.542,-3.863, 
2080.65,1.79,178.59,94.11,2080.248,-1525.948,-27.567,17.658,2022789.92,315141.451,28° 42' 0.173452 N,98° 55' 44.078268 W,0.077,312.483,-5.814, 
2174.76,1.88,184.11,94.11,2174.309,-1620.009,-30.577,17.584,2022789.846,315138.441,28° 42' 0.143658 N,98° 55' 44.079124 W,0.211,65.793,-7.915, 
2268.87,1.99,179.39,94.11,2268.366,-1714.066,-33.75,17.49,2022789.752,315135.268,28° 42' 0.112234 N,98° 55' 44.080193 W,0.206,302.24,-10.143, 
2362.98,2.07,178.55,94.11,2362.417,-1808.117,-37.083,17.551,2022789.813,315131.935,28° 42' 0.079231 N,98° 55' 44.079538 W,0.091,339.178,-12.366, 
2457.09,2.15,175.72,94.11,2456.463,-1902.163,-40.543,17.726,2022789.988,315128.475,28° 42' 0.044976 N,98° 55' 44.077599 W,0.14,306.097,-14.592, 
2551.2,2.2,188.92,94.11,2550.506,-1996.206,-44.088,17.577,2022789.839,315124.93,28° 42' 0.009876 N,98° 55' 44.079289 W,0.534,90.921,-17.112, 
2645.31,2.23,175.09,94.11,2644.546,-2090.246,-47.696,17.454,2022789.716,315121.322,28° 41' 59.974144 N,98° 55' 44.080699 W,0.567,266.287,-19.658, 
2739.42,2.45,175.16,94.11,2738.577,-2184.277,-51.525,17.78,2022790.042,315117.493,28° 41' 59.936234 N,98° 55' 44.077059 W,0.234,0.779,-22.023, 
2833.53,2.61,175.79,94.11,2832.596,-2278.296,-55.666,18.107,2022790.369,315113.352,28° 41' 59.895226 N,98° 55' 44.073415 W,0.173,10.175,-24.601, 
2927.64,2.67,165.33,94.11,2926.606,-2372.306,-59.924,18.82,2022791.082,315109.094,28° 41' 59.853065 N,98° 55' 44.065444 W,0.515,271.855,-26.975, 
3021.75,2.66,161.56,94.11,3020.615,-2466.315,-64.116,20.066,2022792.328,315104.902,28° 41' 59.811548 N,98° 55' 44.051482 W,0.187,264.853,-28.914, 
3115.86,2.71,159.31,94.11,3114.621,-2560.321,-68.269,21.542,2022793.804,315100.749,28° 41' 59.770418 N,98° 55' 44.034926 W,0.124,294.252,-30.657, 
3209.97,2.88,162.9,94.11,3208.619,-2654.319,-72.61,23.024,2022795.286,315096.408,28° 41' 59.727426 N,98° 55' 44.018322 W,0.259,47.642,-32.525, 
3304.08,2.92,163.15,94.11,3302.609,-2748.309,-77.164,24.414,2022796.676,315091.854,28° 41' 59.682327 N,98° 55' 44.002744 W,0.045,17.672,-34.605, 
3398.19,3.01,163.06,94.11,3396.593,-2842.293,-81.822,25.828,2022798.09,315087.196,28° 41' 59.636198 N,98° 55' 43.986889 W,0.096,356.994,-36.737, 
3492.3,3.03,162.46,94.11,3490.572,-2936.272,-86.557,27.298,2022799.56,315082.461,28° 41' 59.589302 N,98° 55' 43.970419 W,0.04,302.022,-38.881, 
3586.41,3.04,157.98,94.11,3584.55,-3030.25,-91.242,28.983,2022801.245,315077.776,28° 41' 59.542902 N,98° 55' 43.951527 W,0.252,270.176,-40.834, 
3680.52,3.13,162.87,94.11,3678.524,-3124.224,-96.011,30.676,2022802.938,315073.007,28° 41' 59.495673 N,98° 55' 43.932554 W,0.295,73.572,-42.838, 
3774.63,3.1,163.9,94.11,3772.495,-3218.195,-100.911,32.138,2022804.4,315068.107,28° 41' 59.447145 N,98° 55' 43.916165 W,0.067,118.705,-45.1, 
3868.74,3.05,166.71,94.11,3866.47,-3312.17,-105.792,33.419,2022805.681,315063.226,28° 41' 59.398802 N,98° 55' 43.901811 W,0.169,109.75,-47.482, 
3962.85,3.01,167.25,94.11,3960.448,-3406.148,-110.639,34.54,2022806.802,315058.379,28° 41' 59.350806 N,98° 55' 43.889257 W,0.052,144.758,-49.957, 
4056.96,2.95,167.79,94.11,4054.431,-3500.131,-115.416,35.598,2022807.86,315053.602,28° 41' 59.303502 N,98° 55' 43.877415 W,0.07,155.195,-52.432, 
4151.07,2.95,171.2,94.11,4148.416,-3594.116,-120.176,36.48,2022808.742,315048.842,28° 41' 59.256364 N,98° 55' 43.867536 W,0.186,91.703,-55.024, 
4213.18,2.84,170.73,62.11,4210.447,-3656.147,-123.274,36.973,2022809.235,315045.744,28° 41' 59.225686 N,98° 55' 43.862028 W,0.181,191.943,-56.771, 
4294,2.73,168.72,80.82,4291.171,-3736.871,-127.137,37.672,2022809.934,315041.881,28° 41' 59.187426 N,98° 55' 43.854204 W,0.182,220.599,-58.887,"Tie-in, Begin 2.00°/100' Drop"
4300,2.61,168.72,6,4297.165,-3742.865,-127.412,37.726,2022809.988,315041.606,28° 41' 59.184712 N,98° 55' 43.853592 W,2,180,-59.033, 
4400,0.61,168.72,100,4397.12,-3842.82,-130.167,38.276,2022810.538,315038.851,28° 41' 59.157427 N,98° 55' 43.847440 W,2,180,-60.505, 
4430.5,0,0,30.5,4427.62,-3873.32,-130.326,38.308,2022810.57,315038.692,28° 41' 59.155851 N,98° 55' 43.847085 W,2,180,-60.59,Begin Vertical Hold
4500,0,0,69.5,4497.12,-3942.82,-130.326,38.308,2022810.57,315038.692,28° 41' 59.155851 N,98° 55' 43.847085 W,0,0,-60.59, 
4600,0,0,100,4597.12,-4042.82,-130.326,38.308,2022810.57,315038.692,28° 41' 59.155851 N,98° 55' 43.847085 W,0,0,-60.59, 
4700,0,0,100,4697.12,-4142.82,-130.326,38.308,2022810.57,315038.692,28° 41' 59.155851 N,98° 55' 43.847085 W,0,0,-60.59, 
4800,0,0,100,4797.12,-4242.82,-130.326,38.308,2022810.57,315038.692,28° 41' 59.155851 N,98° 55' 43.847085 W,0,0,-60.59, 
4900,0,0,100,4897.12,-4342.82,-130.326,38.308,2022810.57,315038.692,28° 41' 59.155851 N,98° 55' 43.847085 W,0,0,-60.59, 
5000,0,0,100,4997.12,-4442.82,-130.326,38.308,2022810.57,315038.692,28° 41' 59.155851 N,98° 55' 43.847085 W,0,0,-60.59, 
5100,0,0,100,5097.12,-4542.82,-130.326,38.308,2022810.57,315038.692,28° 41' 59.155851 N,98° 55' 43.847085 W,0,0,-60.59, 
5200,0,0,100,5197.12,-4642.82,-130.326,38.308,2022810.57,315038.692,28° 41' 59.155851 N,98° 55' 43.847085 W,0,0,-60.59, 
5300,0,0,100,5297.12,-4742.82,-130.326,38.308,2022810.57,315038.692,28° 41' 59.155851 N,98° 55' 43.847085 W,0,0,-60.59, 
5400,0,0,100,5397.12,-4842.82,-130.326,38.308,2022810.57,315038.692,28° 41' 59.155851 N,98° 55' 43.847085 W,0,0,-60.59, 
5500,0,0,100,5497.12,-4942.82,-130.326,38.308,2022810.57,315038.692,28° 41' 59.155851 N,98° 55' 43.847085 W,0,0,-60.59, 
5600,0,0,100,5597.12,-5042.82,-130.326,38.308,2022810.57,315038.692,28° 41' 59.155851 N,98° 55' 43.847085 W,0,0,-60.59, 
5700,0,0,100,5697.12,-5142.82,-130.326,38.308,2022810.57,315038.692,28° 41' 59.155851 N,98° 55' 43.847085 W,0,0,-60.59, 
5800,0,0,100,5797.12,-5242.82,-130.326,38.308,2022810.57,315038.692,28° 41' 59.155851 N,98° 55' 43.847085 W,0,0,-60.59, 
5900,0,0,100,5897.12,-5342.82,-130.326,38.308,2022810.57,315038.692,28° 41' 59.155851 N,98° 55' 43.847085 W,0,0,-60.59, 
6000,0,0,100,5997.12,-5442.82,-130.326,38.308,2022810.57,315038.692,28° 41' 59.155851 N,98° 55' 43.847085 W,0,0,-60.59, 
6100,0,0,100,6097.12,-5542.82,-130.326,38.308,2022810.57,315038.692,28° 41' 59.155851 N,98° 55' 43.847085 W,0,0,-60.59, 
6200,0,0,100,6197.12,-5642.82,-130.326,38.308,2022810.57,315038.692,28° 41' 59.155851 N,98° 55' 43.847085 W,0,0,-60.59, 
6300,0,0,100,6297.12,-5742.82,-130.326,38.308,2022810.57,315038.692,28° 41' 59.155851 N,98° 55' 43.847085 W,0,0,-60.59, 
6400,0,0,100,6397.12,-5842.82,-130.326,38.308,2022810.57,315038.692,28° 41' 59.155851 N,98° 55' 43.847085 W,0,0,-60.59, 
6500,0,0,100,6497.12,-5942.82,-130.326,38.308,2022810.57,315038.692,28° 41' 59.155851 N,98° 55' 43.847085 W,0,0,-60.59, 
6600,0,0,100,6597.12,-6042.82,-130.326,38.308,2022810.57,315038.692,28° 41' 59.155851 N,98° 55' 43.847085 W,0,0,-60.59, 
6700,0,0,100,6697.12,-6142.82,-130.326,38.308,2022810.57,315038.692,28° 41' 59.155851 N,98° 55' 43.847085 W,0,0,-60.59, 
6800,0,0,100,6797.12,-6242.82,-130.326,38.308,2022810.57,315038.692,28° 41' 59.155851 N,98° 55' 43.847085 W,0,0,-60.59, 
6900,0,0,100,6897.12,-6342.82,-130.326,38.308,2022810.57,315038.692,28° 41' 59.155851 N,98° 55' 43.847085 W,0,0,-60.59, 
7000,0,0,100,6997.12,-6442.82,-130.326,38.308,2022810.57,315038.692,28° 41' 59.155851 N,98° 55' 43.847085 W,0,0,-60.59, 
7100,0,0,100,7097.12,-6542.82,-130.326,38.308,2022810.57,315038.692,28° 41' 59.155851 N,98° 55' 43.847085 W,0,0,-60.59, 
7200,0,0,100,7197.12,-6642.82,-130.326,38.308,2022810.57,315038.692,28° 41' 59.155851 N,98° 55' 43.847085 W,0,0,-60.59, 
7300,0,0,100,7297.12,-6742.82,-130.326,38.308,2022810.57,315038.692,28° 41' 59.155851 N,98° 55' 43.847085 W,0,0,-60.59, 
7328,0,0,28,7325.12,-6770.82,-130.326,38.308,2022810.57,315038.692,28° 41' 59.155851 N,98° 55' 43.847085 W,0,0,-60.59,Begin 10.00°/100' Build
7350,2.2,86.45,22,7347.114,-6792.814,-130.3,38.729,2022810.991,315038.718,28° 41' 59.156107 N,98° 55' 43.842351 W,10,86.45,-60.263, 
7400,7.2,86.45,50,7396.93,-6842.63,-130.046,42.817,2022815.079,315038.972,28° 41' 59.158594 N,98° 55' 43.796446 W,10,0,-57.095, 
7450,12.2,86.45,50,7446.2,-6891.9,-129.525,51.223,2022823.485,315039.493,28° 41' 59.163707 N,98° 55' 43.702050 W,10,0,-50.58, 
7500,17.2,86.45,50,7494.548,-6940.248,-128.739,63.882,2022836.144,315040.279,28° 41' 59.171407 N,98° 55' 43.559884 W,10,0,-40.767, 
7550,22.2,86.45,50,7541.607,-6987.307,-127.696,80.699,2022852.961,315041.322,28° 41' 59.181636 N,98° 55' 43.371028 W,10,0,-27.732, 
7600,27.2,86.45,50,7587.018,-7032.718,-126.403,101.546,2022873.808,315042.615,28° 41' 59.194316 N,98° 55' 43.136921 W,10,0,-11.574, 
7650,32.2,86.45,50,7630.435,-7076.135,-124.869,126.263,2022898.525,315044.149,28° 41' 59.209350 N,98° 55' 42.859343 W,10,0,7.585, 
7700,37.2,86.45,50,7671.53,-7117.23,-123.107,154.664,2022926.926,315045.911,28° 41' 59.226624 N,98° 55' 42.540407 W,10,0,29.598, 
7750,42.2,86.45,50,7709.987,-7155.687,-121.13,186.531,2022958.793,315047.888,28° 41' 59.246006 N,98° 55' 42.182541 W,10,0,54.299, 
7800,47.2,86.45,50,7745.516,-7191.216,-118.953,221.622,2022993.884,315050.065,28° 41' 59.267349 N,98° 55' 41.788468 W,10,0,81.498, 
7850,52.2,86.45,50,7777.845,-7223.545,-116.593,259.67,2023031.932,315052.425,28° 41' 59.290490 N,98° 55' 41.361187 W,10,0,110.989, 
7900,57.2,86.45,50,7806.729,-7252.429,-114.067,300.386,2023072.648,315054.951,28° 41' 59.315253 N,98° 55' 40.903950 W,10,0,142.548, 
7928,60,86.45,28,7821.316,-7267.016,-112.587,324.237,2023096.499,315056.431,28° 41' 59.329759 N,98° 55' 40.636100 W,10,0,161.036,Begin 10.00°/100' Build & Turn
7950,61.111,84.269,22,7832.131,-7277.831,-111.036,343.33,2023115.592,315057.982,28° 41' 59.345008 N,98° 55' 40.421680 W,10,299.791,176.085, 
8000,63.76,79.485,50,7855.277,-7300.977,-104.754,387.185,2023159.447,315064.264,28° 41' 59.406940 N,98° 55' 39.929168 W,10,300.863,212.5, 
8050,66.561,74.919,50,7876.288,-7321.988,-94.687,431.407,2023203.669,315074.331,28° 41' 59.506343 N,98° 55' 39.432500 W,10,303.079,251.759, 
8100,69.488,70.548,50,7895.005,-7340.705,-80.913,475.661,2023247.923,315088.105,28° 41' 59.642458 N,98° 55' 38.935454 W,10,304.998,293.563, 
8150,72.521,66.343,50,7911.284,-7356.984,-63.536,519.609,2023291.871,315105.482,28° 41' 59.814251 N,98° 55' 38.441815 W,10,306.635,337.595, 
8200,75.639,62.278,50,7925.002,-7370.702,-42.688,562.917,2023335.179,315126.33,28° 42' 0.020413 N,98° 55' 37.955339 W,10,308.005,383.519, 
8250,78.825,58.325,50,7936.056,-7381.756,-18.528,605.255,2023377.517,315150.49,28° 42' 0.259376 N,98° 55' 37.479727 W,10,309.121,430.986, 
8300,82.061,54.46,50,7944.359,-7390.059,8.76,646.301,2023418.563,315177.778,28° 42' 0.529322 N,98° 55' 37.018600 W,10,309.995,479.634, 
8350,85.332,50.655,50,7949.85,-7395.55,38.969,685.744,2023458.006,315207.987,28° 42' 0.828195 N,98° 55' 36.575467 W,10,310.637,529.093, 
8400,88.624,46.886,50,7952.486,-7398.186,71.869,723.282,2023495.544,315240.887,28° 42' 1.153721 N,98° 55' 36.153700 W,10,311.056,578.987, 
8425.137,90.282,44.996,25.137,7952.726,-7398.426,89.347,741.344,2023513.606,315258.365,28° 42' 1.326674 N,98° 55' 35.950748 W,10,311.254,604.116,Begin 90.28° Lateral
8500,90.282,44.996,74.863,7952.358,-7398.058,142.286,794.275,2023566.537,315311.304,28° 42' 1.850526 N,98° 55' 35.355972 W,0,0,678.926, 
8600,90.282,44.996,100,7951.866,-7397.566,213.001,864.98,2023637.242,315382.019,28° 42' 2.550277 N,98° 55' 34.561479 W,0,0,778.855, 
8700,90.282,44.996,100,7951.373,-7397.073,283.715,935.685,2023707.947,315452.733,28° 42' 3.250026 N,98° 55' 33.766983 W,0,0,878.785, 
8800,90.282,44.996,100,7950.881,-7396.581,354.43,1006.39,2023778.652,315523.448,28° 42' 3.949774 N,98° 55' 32.972485 W,0,0,978.714, 
8900,90.282,44.996,100,7950.389,-7396.089,425.145,1077.095,2023849.357,315594.163,28° 42' 4.649520 N,98° 55' 32.177983 W,0,0,1078.644, 
9000,90.282,44.996,100,7949.897,-7395.597,495.859,1147.8,2023920.062,315664.877,28° 42' 5.349265 N,98° 55' 31.383478 W,0,0,1178.573, 
9100,90.282,44.996,100,7949.404,-7395.104,566.574,1218.505,2023990.767,315735.592,28° 42' 6.049009 N,98° 55' 30.588970 W,0,0,1278.503, 
9200,90.282,44.996,100,7948.912,-7394.612,637.289,1289.21,2024061.472,315806.307,28° 42' 6.748752 N,98° 55' 29.794459 W,0,0,1378.432, 
9300,90.282,44.996,100,7948.42,-7394.12,708.003,1359.915,2024132.177,315877.021,28° 42' 7.448493 N,98° 55' 28.999946 W,0,0,1478.362, 
9400,90.282,44.996,100,7947.928,-7393.628,778.718,1430.62,2024202.882,315947.736,28° 42' 8.148233 N,98° 55' 28.205429 W,0,0,1578.291, 
9500,90.282,44.996,100,7947.435,-7393.135,849.433,1501.325,2024273.587,316018.451,28° 42' 8.847972 N,98° 55' 27.410909 W,0,0,1678.22, 
9600,90.282,44.996,100,7946.943,-7392.643,920.147,1572.03,2024344.292,316089.165,28° 42' 9.547709 N,98° 55' 26.616386 W,0,0,1778.15, 
9700,90.282,44.996,100,7946.451,-7392.151,990.862,1642.735,2024414.997,316159.88,28° 42' 10.247445 N,98° 55' 25.821860 W,0,0,1878.079, 
9800,90.282,44.996,100,7945.959,-7391.659,1061.577,1713.44,2024485.702,316230.595,28° 42' 10.947180 N,98° 55' 25.027332 W,0,0,1978.009, 
9900,90.282,44.996,100,7945.466,-7391.166,1132.291,1784.145,2024556.407,316301.309,28° 42' 11.646913 N,98° 55' 24.232800 W,0,0,2077.938, 
10000,90.282,44.996,100,7944.974,-7390.674,1203.006,1854.85,2024627.112,316372.024,28° 42' 12.346645 N,98° 55' 23.438265 W,0,0,2177.868, 
10100,90.282,44.996,100,7944.482,-7390.182,1273.721,1925.555,2024697.817,316442.739,28° 42' 13.046376 N,98° 55' 22.643727 W,0,0,2277.797, 
10200,90.282,44.996,100,7943.99,-7389.69,1344.435,1996.26,2024768.522,316513.453,28° 42' 13.746105 N,98° 55' 21.849187 W,0,0,2377.727, 
10300,90.282,44.996,100,7943.497,-7389.197,1415.15,2066.965,2024839.227,316584.168,28° 42' 14.445833 N,98° 55' 21.054643 W,0,0,2477.656, 
10400,90.282,44.996,100,7943.005,-7388.705,1485.865,2137.67,2024909.932,316654.883,28° 42' 15.145560 N,98° 55' 20.260096 W,0,0,2577.585, 
10500,90.282,44.996,100,7942.513,-7388.213,1556.579,2208.375,2024980.637,316725.597,28° 42' 15.845285 N,98° 55' 19.465546 W,0,0,2677.515, 
10600,90.282,44.996,100,7942.021,-7387.721,1627.294,2279.08,2025051.342,316796.312,28° 42' 16.545010 N,98° 55' 18.670994 W,0,0,2777.444, 
10700,90.282,44.996,100,7941.529,-7387.229,1698.009,2349.785,2025122.047,316867.027,28° 42' 17.244732 N,98° 55' 17.876438 W,0,0,2877.374, 
10800,90.282,44.996,100,7941.036,-7386.736,1768.723,2420.49,2025192.752,316937.741,28° 42' 17.944454 N,98° 55' 17.081879 W,0,0,2977.303, 
10900,90.282,44.996,100,7940.544,-7386.244,1839.438,2491.195,2025263.457,317008.456,28° 42' 18.644174 N,98° 55' 16.287318 W,0,0,3077.233, 
11000,90.282,44.996,100,7940.052,-7385.752,1910.153,2561.9,2025334.162,317079.171,28° 42' 19.343893 N,98° 55' 15.492753 W,0,0,3177.162, 
11100,90.282,44.996,100,7939.56,-7385.26,1980.867,2632.605,2025404.867,317149.885,28° 42' 20.043610 N,98° 55' 14.698185 W,0,0,3277.092, 
11200,90.282,44.996,100,7939.067,-7384.767,2051.582,2703.31,2025475.572,317220.6,28° 42' 20.743327 N,98° 55' 13.903615 W,0,0,3377.021, 
11300,90.282,44.996,100,7938.575,-7384.275,2122.296,2774.015,2025546.277,317291.314,28° 42' 21.443042 N,98° 55' 13.109041 W,0,0,3476.95, 
11400,90.282,44.996,100,7938.083,-7383.783,2193.011,2844.72,2025616.982,317362.029,28° 42' 22.142755 N,98° 55' 12.314464 W,0,0,3576.88, 
11500,90.282,44.996,100,7937.591,-7383.291,2263.726,2915.425,2025687.687,317432.744,28° 42' 22.842467 N,98° 55' 11.519884 W,0,0,3676.809, 
11600,90.282,44.996,100,7937.098,-7382.798,2334.44,2986.129,2025758.391,317503.458,28° 42' 23.542178 N,98° 55' 10.725302 W,0,0,3776.739, 
11700,90.282,44.996,100,7936.606,-7382.306,2405.155,3056.834,2025829.096,317574.173,28° 42' 24.241888 N,98° 55' 9.930716 W,0,0,3876.668, 
11800,90.282,44.996,100,7936.114,-7381.814,2475.87,3127.539,2025899.801,317644.888,28° 42' 24.941596 N,98° 55' 9.136127 W,0,0,3976.598, 
11823.13,90.282,44.996,23.13,7936,-7381.7,2492.226,3143.893,2025916.155,317661.244,28° 42' 25.103437 N,98° 55' 8.952341 W,0,0,3999.711,Begin 2.00°/100' Drop
11830.089,90.143,45,6.96,7935.974,-7381.674,2497.147,3148.814,2025921.076,317666.165,28° 42' 25.152132 N,98° 55' 8.897038 W,2,178.382,4006.666,Hold 90.14° Inc
11900,90.143,45,69.911,7935.8,-7381.5,2546.581,3198.248,2025970.51,317715.599,28° 42' 25.641273 N,98° 55' 8.341491 W,0,0,4076.528, 
12000,90.143,45,100,7935.55,-7381.25,2617.292,3268.959,2026041.221,317786.31,28° 42' 26.340937 N,98° 55' 7.546834 W,0,0,4176.458, 
12100,90.143,45,100,7935.301,-7381.001,2688.002,3339.669,2026111.931,317857.02,28° 42' 27.040599 N,98° 55' 6.752175 W,0,0,4276.389, 
12200,90.143,45,100,7935.052,-7380.752,2758.713,3410.38,2026182.642,317927.731,28° 42' 27.740261 N,98° 55' 5.957513 W,0,0,4376.32, 
12300,90.143,45,100,7934.802,-7380.502,2829.423,3481.09,2026253.352,317998.441,28° 42' 28.439921 N,98° 55' 5.162848 W,0,0,4476.25, 
12400,90.143,45,100,7934.553,-7380.253,2900.134,3551.801,2026324.063,318069.152,28° 42' 29.139579 N,98° 55' 4.368179 W,0,0,4576.181, 
12500,90.143,45,100,7934.303,-7380.003,2970.844,3622.511,2026394.773,318139.862,28° 42' 29.839237 N,98° 55' 3.573508 W,0,0,4676.111, 
12600,90.143,45,100,7934.054,-7379.754,3041.555,3693.222,2026465.484,318210.573,28° 42' 30.538893 N,98° 55' 2.778834 W,0,0,4776.042, 
12700,90.143,45,100,7933.805,-7379.505,3112.265,3763.932,2026536.194,318281.283,28° 42' 31.238548 N,98° 55' 1.984157 W,0,0,4875.973, 
12800,90.143,45,100,7933.555,-7379.255,3182.975,3834.643,2026606.905,318351.993,28° 42' 31.938201 N,98° 55' 1.189477 W,0,0,4975.903, 
12900,90.143,45,100,7933.306,-7379.006,3253.686,3905.353,2026677.615,318422.704,28° 42' 32.637853 N,98° 55' 0.394793 W,0,0,5075.834, 
13000,90.143,45,100,7933.056,-7378.756,3324.396,3976.064,2026748.326,318493.414,28° 42' 33.337504 N,98° 54' 59.600107 W,0,0,5175.764, 
13100,90.143,45,100,7932.807,-7378.507,3395.107,4046.774,2026819.036,318564.125,28° 42' 34.037153 N,98° 54' 58.805418 W,0,0,5275.695, 
13200,90.143,45,100,7932.558,-7378.258,3465.817,4117.485,2026889.747,318634.835,28° 42' 34.736802 N,98° 54' 58.010726 W,0,0,5375.626, 
13300,90.143,45,100,7932.308,-7378.008,3536.528,4188.195,2026960.457,318705.546,28° 42' 35.436448 N,98° 54' 57.216031 W,0,0,5475.556, 
13400,90.143,45,100,7932.059,-7377.759,3607.238,4258.905,2027031.167,318776.256,28° 42' 36.136094 N,98° 54' 56.421332 W,0,0,5575.487, 
13500,90.143,45,100,7931.809,-7377.509,3677.949,4329.616,2027101.878,318846.967,28° 42' 36.835738 N,98° 54' 55.626631 W,0,0,5675.417, 
13600,90.143,45,100,7931.56,-7377.26,3748.659,4400.326,2027172.588,318917.677,28° 42' 37.535381 N,98° 54' 54.831927 W,0,0,5775.348, 
13700,90.143,45,100,7931.311,-7377.011,3819.369,4471.037,2027243.299,318988.387,28° 42' 38.235023 N,98° 54' 54.037220 W,0,0,5875.279, 
13800,90.143,45,100,7931.061,-7376.761,3890.08,4541.747,2027314.009,319059.098,28° 42' 38.934663 N,98° 54' 53.242510 W,0,0,5975.209, 
13824.526,90.143,45,24.526,7931,-7376.7,3907.422,4559.09,2027331.352,319076.44,28° 42' 39.106256 N,98° 54' 53.047599 W,0,0,5999.718,Begin 2.00°/100' Drop
13831.697,89.999,45,7.171,7930.991,-7376.691,3912.493,4564.16,2027336.422,319081.511,28° 42' 39.156424 N,98° 54' 52.990613 W,2,180.003,6006.884,Hold 90.00° Inc
13900,89.999,45,68.303,7930.992,-7376.692,3960.791,4612.458,2027384.72,319129.809,28° 42' 39.634303 N,98° 54' 52.447795 W,0,0,6075.14, 
14000,89.999,45,100,7930.993,-7376.693,4031.501,4683.169,2027455.431,319200.519,28° 42' 40.333943 N,98° 54' 51.653076 W,0,0,6175.071, 
14100,89.999,45,100,7930.993,-7376.693,4102.212,4753.879,2027526.141,319271.23,28° 42' 41.033582 N,98° 54' 50.858355 W,0,0,6275.002, 
14200,89.999,45,100,7930.994,-7376.694,4172.923,4824.59,2027596.852,319341.941,28° 42' 41.733219 N,98° 54' 50.063630 W,0,0,6374.933, 
14300,89.999,45,100,7930.995,-7376.695,4243.633,4895.301,2027667.563,319412.651,28° 42' 42.432855 N,98° 54' 49.268903 W,0,0,6474.864, 
14400,89.999,45,100,7930.996,-7376.696,4314.344,4966.011,2027738.273,319483.362,28° 42' 43.132490 N,98° 54' 48.474172 W,0,0,6574.795, 
14500,89.999,45,100,7930.997,-7376.697,4385.055,5036.722,2027808.984,319554.073,28° 42' 43.832123 N,98° 54' 47.679439 W,0,0,6674.726, 
14600,89.999,45,100,7930.998,-7376.698,4455.765,5107.433,2027879.695,319624.783,28° 42' 44.531755 N,98° 54' 46.884702 W,0,0,6774.656, 
14700,89.999,45,100,7930.999,-7376.699,4526.476,5178.143,2027950.405,319695.494,28° 42' 45.231386 N,98° 54' 46.089963 W,0,0,6874.587, 
14800,89.999,45,100,7931,-7376.7,4597.187,5248.854,2028021.116,319766.205,28° 42' 45.931015 N,98° 54' 45.295220 W,0,0,6974.518, 
14825.216,89.999,45,25.216,7931,-7376.7,4615.017,5266.684,2028038.946,319784.035,28° 42' 46.107433 N,98° 54' 45.094818 W,0,0,6999.717,Begin 2.00°/100' Build
14899.557,91.486,45,74.341,7930.036,-7375.736,4667.578,5319.245,2028091.507,319836.596,28° 42' 46.627483 N,98° 54' 44.504064 W,2,0,7073.998,Hold 91.49° Inc
15000,91.486,45,100.443,7927.431,-7373.131,4738.578,5390.246,2028162.508,319907.596,28° 42' 47.329975 N,98° 54' 43.706061 W,0,0,7174.338, 
15100,91.486,45,100,7924.837,-7370.537,4809.265,5460.933,2028233.195,319978.283,28° 42' 48.029365 N,98° 54' 42.911577 W,0,0,7274.235, 
15200,91.486,45,100,7922.243,-7367.943,4879.952,5531.619,2028303.881,320048.97,28° 42' 48.728754 N,98° 54' 42.117090 W,0,0,7374.133, 
15300,91.486,45,100,7919.649,-7365.349,4950.639,5602.306,2028374.568,320119.657,28° 42' 49.428141 N,98° 54' 41.322600 W,0,0,7474.03, 
15400,91.486,45,100,7917.056,-7362.756,5021.326,5672.993,2028445.255,320190.344,28° 42' 50.127527 N,98° 54' 40.528107 W,0,0,7573.927, 
15500,91.486,45,100,7914.462,-7360.162,5092.013,5743.68,2028515.942,320261.031,28° 42' 50.826912 N,98° 54' 39.733611 W,0,0,7673.824, 
15600,91.486,45,100,7911.868,-7357.568,5162.7,5814.367,2028586.629,320331.718,28° 42' 51.526295 N,98° 54' 38.939112 W,0,0,7773.722, 
15700,91.486,45,100,7909.274,-7354.974,5233.386,5885.054,2028657.316,320402.404,28° 42' 52.225677 N,98° 54' 38.144610 W,0,0,7873.619, 
15800,91.486,45,100,7906.681,-7352.381,5304.073,5955.741,2028728.003,320473.091,28° 42' 52.925058 N,98° 54' 37.350105 W,0,0,7973.516, 
15826.236,91.486,45,26.236,7906,-7351.7,5322.619,5974.286,2028746.548,320491.637,28° 42' 53.108548 N,98° 54' 37.141657 W,0,0,7999.725,Begin 2.00°/100' Drop
15900,90.011,45,73.764,7905.036,-7350.736,5374.772,6026.439,2028798.701,320543.79,28° 42' 53.624553 N,98° 54' 36.555466 W,2,180,8073.43, 
15919.181,89.627,45,19.181,7905.097,-7350.797,5388.335,6040.002,2028812.264,320557.353,28° 42' 53.758745 N,98° 54' 36.403020 W,2,180,8092.598,Hold 89.63° Inc
16000,89.627,45,80.819,7905.622,-7351.322,5445.481,6097.149,2028869.411,320614.499,28° 42' 54.324153 N,98° 54' 35.760702 W,0,0,8173.359, 
16100,89.627,45,100,7906.273,-7351.973,5516.19,6167.858,2028940.12,320685.208,28° 42' 55.023751 N,98° 54' 34.965937 W,0,0,8273.288, 
16200,89.627,45,100,7906.923,-7352.623,5586.9,6238.567,2029010.829,320755.918,28° 42' 55.723347 N,98° 54' 34.171169 W,0,0,8373.217, 
16300,89.627,45,100,7907.573,-7353.273,5657.609,6309.276,2029081.538,320826.627,28° 42' 56.422942 N,98° 54' 33.376399 W,0,0,8473.145, 
16400,89.627,45,100,7908.224,-7353.924,5728.318,6379.985,2029152.247,320897.336,28° 42' 57.122535 N,98° 54' 32.581625 W,0,0,8573.074, 
16500,89.627,45,100,7908.874,-7354.574,5799.027,6450.695,2029222.957,320968.045,28° 42' 57.822127 N,98° 54' 31.786849 W,0,0,8673.003, 
16600,89.627,45,100,7909.524,-7355.224,5869.736,6521.404,2029293.666,321038.754,28° 42' 58.521718 N,98° 54' 30.992069 W,0,0,8772.932, 
16700,89.627,45,100,7910.174,-7355.874,5940.446,6592.113,2029364.375,321109.464,28° 42' 59.221308 N,98° 54' 30.197286 W,0,0,8872.861, 
16800,89.627,45,100,7910.825,-7356.525,6011.155,6662.822,2029435.084,321180.173,28° 42' 59.920896 N,98° 54' 29.402501 W,0,0,8972.789, 
16826.954,89.627,45,26.954,7911,-7356.7,6030.213,6681.881,2029454.143,321199.231,28° 43' 0.109461 N,98° 54' 29.188276 W,0,0,8999.724,Begin 2.00°/100' Drop
16900,88.166,45,73.046,7912.406,-7358.106,6081.854,6733.521,2029505.783,321250.872,28° 43' 0.620385 N,98° 54' 28.607823 W,2,180,9072.704, 
16927.858,87.609,45,27.858,7913.433,-7359.133,6101.539,6753.207,2029525.469,321270.557,28° 43' 0.815148 N,98° 54' 28.386556 W,2,180,9100.524,Hold 87.61° Inc
17000,87.609,45,72.142,7916.442,-7362.142,6152.507,6804.174,2029576.436,321321.525,28° 43' 1.319413 N,98° 54' 27.813665 W,0,0,9172.553, 
17100,87.609,45,100,7920.613,-7366.313,6223.156,6874.823,2029647.085,321392.174,28° 43' 2.018403 N,98° 54' 27.019546 W,0,0,9272.397, 
17200,87.609,45,100,7924.785,-7370.485,6293.805,6945.472,2029717.734,321462.823,28° 43' 2.717392 N,98° 54' 26.225423 W,0,0,9372.241, 
17300,87.609,45,100,7928.956,-7374.656,6364.454,7016.122,2029788.384,321533.472,28° 43' 3.416379 N,98° 54' 25.431297 W,0,0,9472.085, 
17400,87.609,45,100,7933.127,-7378.827,6435.103,7086.771,2029859.033,321604.121,28° 43' 4.115366 N,98° 54' 24.637169 W,0,0,9571.929, 
17500,87.609,45,100,7937.299,-7382.999,6505.752,7157.42,2029929.682,321674.77,28° 43' 4.814350 N,98° 54' 23.843037 W,0,0,9671.773, 
17600,87.609,45,100,7941.47,-7387.17,6576.402,7228.069,2030000.331,321745.42,28° 43' 5.513334 N,98° 54' 23.048903 W,0,0,9771.617, 
17628.427,87.609,45,28.427,7942.656,-7388.356,6596.485,7248.153,2030020.415,321765.503,28° 43' 5.712037 N,98° 54' 22.823150 W,0,0,9800,Begin 2.00°/100' Build & Turn
17700,87.77,43.576,71.573,7945.541,-7391.241,6647.677,7298.088,2030070.35,321816.695,28° 43' 6.218519 N,98° 54' 22.261841 W,2,276.423,9871.425, 
17800,87.997,41.588,100,7949.234,-7394.934,6721.253,7365.703,2030137.965,321890.271,28° 43' 6.946512 N,98° 54' 21.501751 W,2,276.48,9971.037, 
17900,88.227,39.6,100,7952.529,-7398.229,6797.142,7430.734,2030202.996,321966.16,28° 43' 7.697418 N,98° 54' 20.770663 W,2,276.554,10070.328, 
18000,88.458,37.613,100,7955.422,-7401.122,6875.251,7493.101,2030265.363,322044.269,28° 43' 8.470322 N,98° 54' 20.069466 W,2,276.619,10169.177, 
18100,88.692,35.626,100,7957.91,-7403.61,6955.483,7552.729,2030324.991,322124.501,28° 43' 9.264282 N,98° 54' 19.399016 W,2,276.677,10267.463, 
18200,88.927,33.639,100,7959.988,-7405.688,7037.743,7609.545,2030381.807,322206.761,28° 43' 10.078331 N,98° 54' 18.760129 W,2,276.726,10365.068, 
18300,89.163,31.653,100,7961.656,-7407.356,7121.929,7663.479,2030435.741,322290.947,28° 43' 10.911477 N,98° 54' 18.153584 W,2,276.768,10461.871, 
18400,89.4,29.667,100,7962.91,-7408.61,7207.939,7714.467,2030486.729,322376.957,28° 43' 11.762705 N,98° 54' 17.580120 W,2,276.801,10557.756, 
18500,89.638,27.681,100,7963.749,-7409.449,7295.668,7762.445,2030534.707,322464.686,28° 43' 12.630978 N,98° 54' 17.040435 W,2,276.826,10652.604, 
18584.657,89.84,26,84.657,7964.135,-7409.835,7371.2,7800.667,2030572.929,322540.218,28° 43' 13.378569 N,98° 54' 16.610447 W,2,276.842,10732.005,"Hold 89.84° Inc, 26.00° Azm"
18600,89.84,26,15.343,7964.177,-7409.877,7384.991,7807.393,2030579.655,322554.009,28° 43' 13.515063 N,98° 54' 16.534776 W,0,0,10746.316, 
18700,89.84,26,100,7964.457,-7410.157,7474.87,7851.23,2030623.492,322643.888,28° 43' 14.404659 N,98° 54' 16.041582 W,0,0,10839.592, 
18800,89.84,26,100,7964.736,-7410.436,7564.749,7895.067,2030667.329,322733.767,28° 43' 15.294255 N,98° 54' 15.548387 W,0,0,10932.868, 
18856.339,89.84,26,56.339,7964.893,-7410.593,7615.386,7919.764,2030692.026,322784.404,28° 43' 15.795448 N,98° 54' 15.270522 W,0,0,10985.42,Begin 2.00°/100' Drop
18862.839,89.71,26,6.5,7964.919,-7410.619,7621.228,7922.614,2030694.876,322790.246,28° 43' 15.853271 N,98° 54' 15.238464 W,2,180,10991.483,Hold 89.71° Inc
18900,89.71,26,37.161,7965.107,-7410.807,7654.628,7938.904,2030711.166,322823.646,28° 43' 16.183847 N,98° 54' 15.055191 W,0,0,11026.144, 
19000,89.71,26,100,7965.613,-7411.313,7744.506,7982.74,2030755.002,322913.524,28° 43' 17.073434 N,98° 54' 14.561995 W,0,0,11119.42, 
19082.839,89.71,26,82.839,7966.032,-7411.732,7818.96,8019.054,2030791.316,322987.978,28° 43' 17.810362 N,98° 54' 14.153432 W,0,0,11196.688,PBHL
